SUBSTÂNCIA;CNPJ;LABORATÓRIO;CÓDIGO GGREM;REGISTRO;EAN 1;EAN 2;EAN 3;PRODUTO;APRESENTAÇÃO;CLASSE TERAPÊUTICA;TIPO DE PRODUTO (STATUS DO PRODUTO);REGIME DE PREÇO;PF Sem Impostos;PF 0%;PF 12 %;PF 12 %  ALC;PF 17 %;PF 17 %  ALC;PF 17,5 %;PF 17,5 %  ALC;PF 18 %;PF 18 %  ALC;PF 19 %;PF 19 %  ALC;PF 19,5 %;PF 19,5 %  ALC;PF 20 %;PF 20 %  ALC;PF 20,5 %;PF 20,5 %  ALC;PF 21 %;PF 21 %  ALC;PF 22 %;PF 22 %  ALC;PF 22,5 %;PF 22,5 %  ALC;PF 23 %;PF 23 %  ALC;PMC Sem Impostos;PMC 0 %;PMC 12 %;PMC 12 %  ALC;PMC 17 %;PMC 17 %  ALC;PMC 17,5 %;PMC 17,5 %  ALC;PMC 18 %;PMC 18 %  ALC;PMC 19 %;PMC 19 %  ALC;PMC 19,5 %;PMC 19,5 %  ALC;PMC 20 %;PMC 20 %  ALC;PMC 20,5 %;PMC 20,5 %  ALC;PMC 21 %;PMC 21 %  ALC;PMC 22 %;PMC 22 %  ALC;PMC 22,5 %;PMC 22,5 %  ALC;PMC 23 %;PMC 23 %  ALC;RESTRIÇÃO HOSPITALAR;CAP;CONFAZ 87;ICMS 0%;ANÁLISE RECURSAL;LISTA DE CONCESSÃO DE CRÉDITO TRIBUTÁRIO (PIS/COFINS);COMERCIALIZAÇÃO 2025;TARJA;DESTINAÇÃO COMERCIAL
"21-ACETATO DE DEXAMETASONA;CLOTRIMAZOL";18.459.628/0001-15;BAYER S.A.;538912020009303;1705600230032;7891106000956;    -     ;    -     ;BAYCUTEN N;10 MG/G + 0,443 MG/G CREM DERM CT BG AL X 40 G;D7B2 - CORTICOESTERÓIDES ASSOCIADOS A ANTIMICOTICOS;Novo;Regulado;27,44;30,73;34,92;31,18;37,02;33,06;37,25;33,26;37,48;33,46;37,94;33,87;38,17;34,08;38,41;34,30;38,65;34,51;38,90;34,73;39,40;35,18;39,65;35,40;39,91;35,63;37,93;41,22;46,84;43,10;49,66;45,70;49,97;45,98;50,28;46,26;50,90;46,82;51,20;47,11;51,53;47,42;51,85;47,71;52,18;48,01;52,85;48,63;53,19;48,94;53,54;49,26;Não;Não;Não;Não;;Negativa;Sim;- (*) ;
ABATACEPTE;56.998.982/0001-07;BRISTOL-MYERS SQUIBB FARMACÊUTICA LTDA;505107701157215;1018003900019;7896016806469;    -     ;    -     ;ORENCIA;250 MG PO LIOF SOL INJ CT 1 FA + SER DESCARTÁVEL;M1C - AGENTES ANTI-REUMÁTICOS ESPECÍFICOS;Biológico;Regulado;2098,20;2123,68;2413,27;2384,31;2558,65;2527,95;2574,16;2543,27;2589,85;2558,78;2621,83;2590,37;2638,11;2606,45;2654,60;2622,74;2671,30;2639,24;2688,20;2655,94;2722,67;2689,99;2740,23;2707,35;2758,03;2724,93;;;;;;;;;;;;;;;;;;;;;;;;;;;Sim;Sim;Não;Não;;Positiva;Sim;Tarja Vermelha;
ABATACEPTE;56.998.982/0001-07;BRISTOL-MYERS SQUIBB FARMACÊUTICA LTDA;505113100020505;1018003900078;7896016808197;    -     ;    -     ;ORENCIA;125 MG/ML SOL INJ SC CT 4 SER PREENC VD TRANS + DISPOSITIVO ULTRASAFE PASSIVE + EXTENSORES DE APOIO;M1C - AGENTES ANTI-REUMÁTICOS ESPECÍFICOS;Biológico;Regulado;6662,98;6743,91;7663,54;7571,57;8125,19;8027,69;8174,43;8076,34;8224,28;8125,59;8325,82;8225,90;8377,53;8277,00;8429,89;8328,72;8482,91;8381,11;8536,60;8434,16;8646,04;8542,28;8701,82;8597,40;8758,32;8653,22;9211,18;9295,78;10563,39;10467,25;11199,73;11097,81;11267,60;11165,07;11336,31;11233,15;11476,28;11371,82;11547,55;11442,47;11619,73;11513,97;11692,81;11586,39;11766,81;11659,73;11917,67;11809,20;11994,55;11885,40;12072,43;11962,57;Não;Sim;Sim;Não;;Positiva;Sim;- (*) ;
ABEMACICLIBE;43.940.618/0001-44;ELI LILLY DO BRASIL LTDA;507619060021902;1126001990018;7896382708442;    -     ;    -     ;VERZENIOS;50 MG COM REV CT BL AL AL X 30;L1H - INIBIDORES DE PROTEINA QUINASE;Novo;Regulado;2817,37;3155,46;3585,75;3201,56;3801,76;3394,43;3824,80;3415,00;3848,12;3435,82;3895,63;3478,24;3919,83;3499,84;3944,33;3521,72;3969,13;3543,87;3994,25;3566,30;4045,46;3612,02;4071,56;3635,32;4098,00;3658,93;3894,86;4232,94;4810,16;4425,97;5099,93;4692,60;5130,83;4721,04;5162,12;4749,82;5225,85;4808,46;5258,31;4838,32;5291,18;4868,57;5324,45;4899,19;5358,14;4930,20;5426,84;4993,41;5461,85;5025,62;5497,32;5058,26;Não;Não;Não;Não;;Negativa;Sim;Tarja Vermelha;
ABEMACICLIBE;43.940.618/0001-44;ELI LILLY DO BRASIL LTDA;507619060022102;1126001990034;7896382708466;    -     ;    -     ;VERZENIOS;100 MG COM REV CT BL AL AL X 30;L1H - INIBIDORES DE PROTEINA QUINASE;Novo;Regulado;5634,72;6310,89;7171,47;6403,10;7603,48;6788,82;7649,56;6829,97;7696,21;6871,61;7791,22;6956,44;7839,61;6999,65;7888,61;7043,40;7938,23;7087,70;7988,47;7132,56;8090,88;7224,00;8143,09;7270,61;8195,96;7317,82;7789,67;8465,83;9620,27;8851,91;10199,80;9385,15;10261,61;9442,03;10324,19;9499,60;10451,64;9616,87;10516,56;9676,61;10582,29;9737,09;10648,85;9798,33;10716,25;9860,35;10853,63;9986,76;10923,67;10051,19;10994,59;10116,46;Não;Não;Não;Não;;Negativa;Sim;Tarja Vermelha;
ABEMACICLIBE;43.940.618/0001-44;ELI LILLY DO BRASIL LTDA;507619060022302;1126001990050;7896382708480;    -     ;    -     ;VERZENIOS;150 MG COM REV CT BL AL AL X 30;L1H - INIBIDORES DE PROTEINA QUINASE;Novo;Regulado;8090,99;9061,91;10297,63;9194,31;10917,96;9748,18;10984,13;9807,26;11051,11;9867,06;11187,54;9988,87;11257,03;10050,92;11327,39;10113,73;11398,63;10177,34;11470,77;10241,76;11617,83;10373,06;11692,79;10439,98;11768,71;10507,77;11185,32;12156,23;13813,90;12710,59;14646,05;13476,29;14734,82;13557,96;14824,67;13640,63;15007,69;13809,03;15100,90;13894,81;15195,29;13981,64;15290,86;14069,58;15387,63;14158,63;15584,91;14340,15;15685,46;14432,66;15787,31;14526,38;Não;Não;Não;Não;;Negativa;Sim;Tarja Vermelha;
ABEMACICLIBE;43.940.618/0001-44;ELI LILLY DO BRASIL LTDA;507619060022402;1126001990069;7896382708497;    -     ;    -     ;VERZENIOS;150 MG COM REV CT BL AL AL X 60;L1H - INIBIDORES DE PROTEINA QUINASE;Novo;Regulado;16181,97;18123,81;20595,25;18388,62;21835,91;19496,34;21968,25;19614,51;22102,20;19734,11;22375,08;19977,73;22514,05;20101,82;22654,76;20227,46;22797,25;20354,67;22941,54;20483,51;23235,65;20746,11;23385,57;20879,95;23537,41;21015,54;22370,63;24312,45;27627,79;25421,19;29292,10;26952,55;29469,63;27115,91;29649,31;27281,25;30015,37;27618,04;30201,80;27789,59;30390,55;27963,28;30581,70;28139,14;30775,26;28317,25;31169,80;28680,28;31370,91;28865,31;31574,60;29052,75;Não;Não;Não;Não;;Negativa;Sim;Tarja Vermelha;
ABEMACICLIBE;43.940.618/0001-44;ELI LILLY DO BRASIL LTDA;507619060022502;1126001990077;7896382708503;    -     ;    -     ;VERZENIOS;200 MG COM REV CT BL AL AL X 30;L1H - INIBIDORES DE PROTEINA QUINASE;Novo;Regulado;10104,23;11316,74;12859,94;11482,09;13634,62;12173,77;13717,26;12247,55;13800,90;12322,23;13971,29;12474,35;14058,06;12551,84;14145,93;12630,29;14234,90;12709,72;14324,99;12790,17;14508,64;12954,14;14602,25;13037,71;14697,06;13122,37;13968,51;15181,00;17251,15;15873,32;18290,36;16829,52;18401,22;16931,52;18513,42;17034,76;18741,99;17245,06;18858,39;17352,18;18976,26;17460,63;19095,61;17570,44;19216,46;17681,66;19462,82;17908,34;19588,40;18023,87;19715,58;18140,91;Não;Não;Não;Não;;Negativa;Sim;Tarja Vermelha;
ABEMACICLIBE;43.940.618/0001-44;ELI LILLY DO BRASIL LTDA;507619060022602;1126001990085;7896382708510;    -     ;    -     ;VERZENIOS;200 MG COM REV CT BL AL AL X 60;L1H - INIBIDORES DE PROTEINA QUINASE;Novo;Regulado;20208,45;22633,47;25719,86;22964,17;27269,23;24347,53;27434,50;24495,10;27601,79;24644,45;27942,56;24948,69;28116,11;25103,66;28291,84;25260,56;28469,78;25419,42;28649,97;25580,33;29017,26;25908,26;29204,49;26075,41;29394,11;26244,73;27937,00;30361,99;34502,28;31746,62;36580,70;33659,03;36802,40;33863,04;37026,82;34069,51;37483,95;34490,10;37716,76;34704,34;37952,50;34921,24;38191,20;35140,86;38432,91;35363,31;38925,62;35816,65;39176,78;36047,72;39431,15;36281,80;Não;Não;Não;Não;;Negativa;Sim;Tarja Vermelha;
ABROCITINIBE;61.072.393/0001-33;PFIZER BRASIL LTDA;522723100092502;1211004910013;7891045164542;    -     ;    -     ;CIBINQO;50 MG COM REV CT FR PLAS PEAD OPC X 30;D5X - OUTROS PRODUTOS ANTI-INFLAMATÓRIOS NÃO ESTEROIDAIS DERMATOLÓGICOS;Novo;Regulado;2215,02;2480,82;2819,11;2517,07;2988,94;2668,69;3007,05;2684,87;3025,39;2701,24;3062,74;2734,59;3081,76;2751,57;3101,03;2768,77;3120,53;2786,18;3140,28;2803,82;3180,54;2839,76;3201,06;2858,09;3221,84;2876,64;3062,13;3327,93;3781,74;3479,70;4009,56;3689,31;4033,85;3711,68;4058,45;3734,31;4108,56;3780,41;4134,07;3803,88;4159,92;3827,66;4186,08;3851,73;4212,57;3876,12;4266,58;3925,80;4294,11;3951,14;4321,98;3976,79;Não;Não;Não;Não;;Negativa;Sim;Tarja Vermelha;
ABROCITINIBE;61.072.393/0001-33;PFIZER BRASIL LTDA;522723100092602;1211004910021;7891045164559;    -     ;    -     ;CIBINQO;100 MG COM REV CT FR PLAS PEAD OPC X 30;D5X - OUTROS PRODUTOS ANTI-INFLAMATÓRIOS NÃO ESTEROIDAIS DERMATOLÓGICOS;Novo;Regulado;4430,04;4961,65;5638,24;5034,14;5977,89;5337,40;6014,12;5369,75;6050,79;5402,49;6125,49;5469,19;6163,54;5503,16;6202,06;5537,55;6241,07;5572,38;6280,57;5607,65;6361,09;5679,54;6402,13;5716,18;6443,70;5753,30;6124,28;6655,88;7563,50;6959,40;8019,13;7378,64;8067,73;7423,36;8116,92;7468,63;8217,13;7560,83;8268,17;7607,80;8319,84;7655,34;8372,17;7703,49;8425,16;7752,25;8533,18;7851,63;8588,23;7902,28;8643,99;7953,60;Não;Não;Não;Não;;Negativa;Sim;Tarja Vermelha;
ABROCITINIBE;61.072.393/0001-33;PFIZER BRASIL LTDA;522723100092702;1211004910031;7891045164566;    -     ;    -     ;CIBINQO;200 MG COM REV CT FR PLAS PEAD OPC X 30;D5X - OUTROS PRODUTOS ANTI-INFLAMATÓRIOS NÃO ESTEROIDAIS DERMATOLÓGICOS;Novo;Regulado;6399,23;7167,14;8144,48;7271,86;8635,11;7709,91;8687,44;7756,64;8740,41;7803,94;8848,32;7900,28;8903,28;7949,35;8958,93;7999,04;9015,27;8049,34;9072,33;8100,29;9188,64;8204,14;9247,93;8257,07;9307,97;8310,69;8846,56;9614,46;10925,53;10052,92;11583,69;10658,50;11653,89;10723,10;11724,95;10788,49;11869,71;10921,67;11943,43;10989,51;12018,09;11058,20;12093,66;11127,74;12170,21;11198,18;12326,23;11341,74;12405,77;11414,91;12486,31;11489,04;Não;Não;Não;Não;;Negativa;Sim;Tarja Vermelha;
ACARBOSE;00.923.140/0001-31;EMS SIGMA PHARMA LTDA;531619040086803;1356900350024;7894916503754;7896004771793;    -     ;AGLUCOSE;50 MG COM CT BL AL AL X 30;A10L - ANTIDIABÉTICOS INIBIDORES ALFA-GLUCOSIDASE;Similar;Regulado;26,61;26,93;30,60;30,24;32,45;32,06;32,64;32,25;32,84;32,45;33,25;32,85;33,45;33,05;33,66;33,26;33,87;33,47;34,09;33,68;34,53;34,11;34,75;34,33;34,97;34,55;36,78;37,12;42,18;41,81;44,73;44,32;44,99;44,58;45,27;44,86;45,83;45,41;46,11;45,69;46,40;45,98;46,69;46,27;46,99;46,56;47,60;47,16;47,90;47,46;48,20;47,76;Não;Não;Não;Não;;Positiva;Sim;- (*) ;
ACARBOSE;00.923.140/0001-31;EMS SIGMA PHARMA LTDA;531619040086903;1356900350075;7894916503761;7896004771809;    -     ;AGLUCOSE;100 MG COM CT BL AL AL X 30;A10L - ANTIDIABÉTICOS INIBIDORES ALFA-GLUCOSIDASE;Similar;Regulado;40,39;40,88;46,45;45,90;49,25;48,66;49,55;48,96;49,85;49,26;50,47;49,86;50,78;50,17;51,10;50,49;51,42;50,80;51,75;51,13;52,41;51,78;52,75;52,12;53,09;52,45;55,84;56,35;64,03;63,45;67,89;67,27;68,30;67,68;68,71;68,10;69,57;68,93;69,99;69,36;70,44;69,80;70,88;70,23;71,33;70,68;72,24;71,58;72,71;72,05;73,18;72,51;Não;Não;Não;Não;;Positiva;Sim;- (*) ;
ACEBROFILINA;61.190.096/0001-92;EUROFARMA LABORATORIOS S.A.;508017401132117;1004307850011;7891317002688;    -     ;    -     ;ACEBROFILINA;5 MG/ML XPE CT FR VD AMB X 120 ML + COP;R5C - EXPECTORANTES;Genérico;Regulado;19,00;19,23;21,85;21,59;23,17;22,89;23,31;23,03;23,45;23,17;23,74;23,46;23,89;23,60;24,04;23,75;24,19;23,90;24,34;24,05;24,65;24,36;24,81;24,52;24,97;24,67;26,27;26,51;30,12;29,85;31,94;31,64;32,13;31,84;32,32;32,03;32,72;32,43;32,93;32,63;33,14;32,83;33,34;33,04;33,55;33,25;33,98;33,68;34,20;33,90;34,42;34,10;Não;Não;Não;Não;;Positiva;Sim;Tarja Vermelha;
ACEBROFILINA;61.190.096/0001-92;EUROFARMA LABORATORIOS S.A.;508017402139115;1004307850021;7891317002695;    -     ;    -     ;ACEBROFILINA;10 MG/ML XPE CT FR VD AMB X 120 ML + COP;R5C - EXPECTORANTES;Genérico;Regulado;26,78;27,11;30,81;30,44;32,66;32,27;32,86;32,47;33,06;32,66;33,47;33,07;33,68;33,27;33,89;33,48;34,10;33,69;34,32;33,90;34,76;34,34;34,98;34,56;35,21;34,79;37,03;37,37;42,47;42,08;45,02;44,61;45,29;44,89;45,57;45,15;46,13;45,72;46,42;45,99;46,71;46,28;47,00;46,57;47,31;46,86;47,91;47,47;48,22;47,78;48,53;48,10;Não;Não;Não;Não;;Positiva;Sim;Tarja Vermelha;
ACEBROFILINA;61.190.096/0001-92;EUROFARMA LABORATORIOS S.A.;508013120101205;1004310860022;7891317485153;    -     ;    -     ;FILINAR G;5 MG/ML GEL OR CT FR PLAS TRANS X 120ML + COL;R5C - EXPECTORANTES;Novo;Regulado;19,00;19,23;21,85;21,59;23,17;22,89;23,31;23,03;23,45;23,17;23,74;23,46;23,89;23,60;24,04;23,75;24,19;23,90;24,34;24,05;24,65;24,36;24,81;24,52;24,97;24,67;26,27;26,51;30,12;29,85;31,94;31,64;32,13;31,84;32,32;32,03;32,72;32,43;32,93;32,63;33,14;32,83;33,34;33,04;33,55;33,25;33,98;33,68;34,20;33,90;34,42;34,10;Não;Não;Não;Não;;Positiva;Sim;- (*) ;
ACEBROFILINA;61.190.096/0001-92;EUROFARMA LABORATORIOS S.A.;508015902134418;1004311580015;7891317181604;    -     ;    -     ;FILINAR;5 MG/ML XPE CT FR VD AMB X 120 ML + COP;R5C - EXPECTORANTES;Similar;Regulado;19,69;19,93;22,65;22,38;24,01;23,72;24,16;23,87;24,30;24,01;24,60;24,31;24,76;24,46;24,91;24,61;25,07;24,77;25,23;24,93;25,55;25,24;25,72;25,41;25,88;25,57;27,22;27,47;31,22;30,94;33,10;32,79;33,30;33,00;33,50;33,19;33,91;33,61;34,13;33,81;34,34;34,02;34,56;34,24;34,78;34,46;35,22;34,89;35,45;35,13;35,67;35,35;Não;Não;Não;Não;;Positiva;Sim;Tarja Vermelha;
ACEBROFILINA;61.190.096/0001-92;EUROFARMA LABORATORIOS S.A.;508015901138411;1004311580023;7891317181611;    -     ;    -     ;FILINAR;10 MG/ML XPE CT FR VD AMB X 120 ML + COP;R5C - EXPECTORANTES;Similar;Regulado;26,98;27,31;31,03;30,66;32,90;32,51;33,10;32,71;33,30;32,91;33,72;33,31;33,93;33,52;34,14;33,73;34,35;33,94;34,57;34,15;35,01;34,59;35,24;34,82;35,47;35,04;37,30;37,64;42,77;42,39;45,35;44,94;45,62;45,22;45,90;45,50;46,48;46,05;46,77;46,34;47,06;46,63;47,35;46,92;47,65;47,21;48,26;47,82;48,57;48,14;48,89;48,44;Não;Não;Não;Não;;Positiva;Sim;Tarja Vermelha;
ACEBROFILINA;57.507.378/0003-65;EMS S/A;507728901136116;1023506580010;7896004767703;    -     ;    -     ;ACEBROFILINA;5 MG/ML XPE CT FR VD AMB X 120 ML + COP;R5C - EXPECTORANTES;Genérico;Regulado;18,97;19,20;21,82;21,56;23,13;22,85;23,27;22,99;23,41;23,13;23,70;23,42;23,85;23,56;24,00;23,71;24,15;23,86;24,30;24,01;24,62;24,32;24,77;24,48;24,94;24,64;26,22;26,47;30,08;29,81;31,88;31,59;32,08;31,78;32,27;31,98;32,67;32,38;32,87;32,57;33,08;32,78;33,29;32,99;33,50;33,19;33,94;33,62;34,14;33,84;34,38;34,06;Não;Não;Não;Não;;Positiva;Não;Tarja Vermelha sob restrição;
ACEBROFILINA;57.507.378/0003-65;EMS S/A;507728902132114;1023506580029;7896004767697;    -     ;    -     ;ACEBROFILINA;10 MG/ML XPE CT FR VD AMB X 120 ML + COP;R5C - EXPECTORANTES;Genérico;Regulado;26,78;27,11;30,81;30,44;32,66;32,27;32,86;32,47;33,06;32,66;33,47;33,07;33,68;33,27;33,89;33,48;34,10;33,69;34,32;33,90;34,76;34,34;34,98;34,56;35,21;34,79;37,03;37,37;42,47;42,08;45,02;44,61;45,29;44,89;45,57;45,15;46,13;45,72;46,42;45,99;46,71;46,28;47,00;46,57;47,31;46,86;47,91;47,47;48,22;47,78;48,53;48,10;Não;Não;Não;Não;;Positiva;Não;Tarja Vermelha sob restrição;
ACEBROFILINA;57.507.378/0003-65;EMS S/A;541819050109207;1023506580037;7896004710464;    -     ;    -     ;ACEBROFILINA;5 MG/ML XPE CT FR PLAS AMB X 120 ML + COP;R5C - EXPECTORANTES;Genérico;Regulado;18,97;19,20;21,82;21,56;23,13;22,85;23,27;22,99;23,41;23,13;23,70;23,42;23,85;23,56;24,00;23,71;24,15;23,86;24,30;24,01;24,62;24,32;24,77;24,48;24,94;24,64;26,22;26,47;30,08;29,81;31,88;31,59;32,08;31,78;32,27;31,98;32,67;32,38;32,87;32,57;33,08;32,78;33,29;32,99;33,50;33,19;33,94;33,62;34,14;33,84;34,38;34,06;Não;Não;Não;Não;;Positiva;Sim;Tarja Vermelha sob restrição;
ACEBROFILINA;57.507.378/0003-65;EMS S/A;541819050109307;1023506580045;7896004710471;    -     ;    -     ;ACEBROFILINA;10 MG/ML XPE CT FR PLAS AMB X 120 ML + COP;R5C - EXPECTORANTES;Genérico;Regulado;26,78;27,11;30,81;30,44;32,66;32,27;32,86;32,47;33,06;32,66;33,47;33,07;33,68;33,27;33,89;33,48;34,10;33,69;34,32;33,90;34,76;34,34;34,98;34,56;35,21;34,79;37,03;37,37;42,47;42,08;45,02;44,61;45,29;44,89;45,57;45,15;46,13;45,72;46,42;45,99;46,71;46,28;47,00;46,57;47,31;46,86;47,91;47,47;48,22;47,78;48,53;48,10;Não;Não;Não;Não;;Positiva;Sim;Tarja Vermelha sob restrição;
ACEBROFILINA;17.159.229/0001-76;LABORATORIO TEUTO BRASILEIRO S/A;520715080095006;1037004620253;7896112191537;    -     ;    -     ;ACEBROFILINA;10 MG/ML XPE CT FR PLAS PET AMB X 120 ML + COP;R5C - EXPECTORANTES;Genérico;Regulado;26,50;26,82;30,48;30,11;32,31;31,93;32,51;32,12;32,71;32,31;33,11;32,71;33,32;32,92;33,53;33,12;33,74;33,33;33,95;33,54;34,38;33,97;34,61;34,19;34,83;34,41;36,63;36,97;42,01;41,63;44,54;44,14;44,81;44,40;45,09;44,67;45,64;45,22;45,93;45,51;46,22;45,79;46,51;46,08;46,80;46,37;47,39;46,96;47,71;47,27;48,01;47,57;Não;Não;Não;Não;(2);Positiva;Sim;Tarja Vermelha;
ACEBROFILINA;17.159.229/0001-76;LABORATORIO TEUTO BRASILEIRO S/A;520715080094906;1037004620296;7896112191490;    -     ;    -     ;ACEBROFILINA;5MG/ML XPE CT FR PLAS PET AMB X 120ML + COP;R5C - EXPECTORANTES;Genérico;Regulado;19,00;19,23;21,85;21,59;23,17;22,89;23,31;23,03;23,45;23,17;23,74;23,46;23,89;23,60;24,04;23,75;24,19;23,90;24,34;24,05;24,65;24,36;24,81;24,52;24,97;24,67;26,27;26,51;30,12;29,85;31,94;31,64;32,13;31,84;32,32;32,03;32,72;32,43;32,93;32,63;33,14;32,83;33,34;33,04;33,55;33,25;33,98;33,68;34,20;33,90;34,42;34,10;Não;Não;Não;Não;(2);Positiva;Sim;Tarja Vermelha;
ACEBROFILINA;83.874.628/0001-43;LABORATÓRIO FARMACÊUTICO ELOFAR LTDA;517120090013307;1038501090013;7898109241287;    -     ;    -     ;LISOMUC;5 MG / ML XPE  CT FR VD AMB X 100 ML + COP;R5C - EXPECTORANTES;Similar;Regulado;18,90;19,13;21,74;21,48;23,05;22,77;23,19;22,91;23,33;23,05;23,62;23,33;23,76;23,48;23,91;23,63;24,06;23,77;24,22;23,92;24,53;24,23;24,68;24,39;24,84;24,55;26,13;26,37;29,97;29,69;31,77;31,48;31,96;31,67;32,16;31,87;32,56;32,25;32,75;32,46;32,96;32,67;33,16;32,86;33,38;33,07;33,81;33,50;34,02;33,72;34,24;33,94;Não;Não;Não;Não;;Positiva;Não;- (*) ;
ACEBROFILINA;83.874.628/0001-43;LABORATÓRIO FARMACÊUTICO ELOFAR LTDA;517113100013304;1038501090021;7898109241959;    -     ;    -     ;LISOMUC;5 MG / ML XPE CT FR PET AMB X 120 ML + COP;R5C - EXPECTORANTES;Similar;Regulado;22,69;22,97;26,10;25,79;27,67;27,34;27,84;27,51;28,01;27,68;28,36;28,02;28,53;28,19;28,71;28,37;28,89;28,55;29,08;28,73;29,45;29,10;29,64;29,28;29,83;29,47;31,37;31,66;35,98;35,65;38,14;37,80;38,37;38,03;38,61;38,27;39,09;38,74;39,33;38,97;39,57;39,22;39,82;39,47;40,08;39,72;40,59;40,23;40,86;40,48;41,12;40,74;Não;Não;Não;Não;;Positiva;Sim;- (*) ;
ACEBROFILINA;83.874.628/0001-43;LABORATÓRIO FARMACÊUTICO ELOFAR LTDA;517120090013207;1038501090048;7898109241263;    -     ;    -     ;LISOMUC;10 MG / ML XPE CT FR VD AMB X 100 ML + COP ;R5C - EXPECTORANTES;Similar;Regulado;27,37;27,70;31,48;31,10;33,37;32,97;33,58;33,17;33,78;33,38;34,20;33,79;34,41;34,00;34,63;34,21;34,84;34,42;35,06;34,64;35,51;35,09;35,74;35,31;35,97;35,54;37,83;38,18;43,39;42,99;46,00;45,58;46,29;45,86;46,56;46,15;47,14;46,71;47,43;47,00;47,73;47,29;48,02;47,58;48,33;47,89;48,95;48,51;49,26;48,81;49,58;49,13;Não;Não;Não;Não;;Positiva;Não;- (*) ;
ACEBROFILINA;83.874.628/0001-43;LABORATÓRIO FARMACÊUTICO ELOFAR LTDA;517113100013604;1038501090056;7898109241935;    -     ;    -     ;LISOMUC;10 MG / ML XPE CT FR PET AMB X 120 ML + COP;R5C - EXPECTORANTES;Similar;Regulado;32,84;33,24;37,77;37,32;40,05;39,57;40,29;39,81;40,54;40,05;41,04;40,54;41,29;40,80;41,55;41,05;41,81;41,31;42,08;41,57;42,62;42,10;42,89;42,38;43,17;42,65;45,40;45,82;52,06;51,59;55,20;54,70;55,54;55,03;55,88;55,37;56,57;56,04;56,91;56,40;57,27;56,75;57,63;57,11;58,00;57,47;58,75;58,20;59,12;58,59;59,51;58,96;Não;Não;Não;Não;;Positiva;Sim;- (*) ;
ACEBROFILINA;17.115.437/0001-73;LABORATORIO GLOBO SA;517618010025206;1053501960011;7899620912748;    -     ;    -     ;ACEBROFILINA;5 MG/ML XPE CT FR PLAS AMB X 120 ML + CP MED;R5C - EXPECTORANTES;Genérico;Regulado;15,45;15,64;17,77;17,56;18,84;18,62;18,96;18,73;19,07;18,84;19,31;19,08;19,43;19,20;19,55;19,32;19,67;19,44;19,80;19,56;20,05;19,81;20,18;19,94;20,31;20,07;21,36;21,56;24,49;24,28;25,97;25,74;26,13;25,89;26,29;26,05;26,62;26,38;26,78;26,54;26,95;26,71;27,11;26,87;27,29;27,04;27,64;27,39;27,82;27,57;28,00;27,75;Não;Não;Não;Não;;Positiva;Sim;Tarja Vermelha;
ACEBROFILINA;17.115.437/0001-73;LABORATORIO GLOBO SA;517618010025306;1053501960021;7899620912731;    -     ;    -     ;ACEBROFILINA;10 MG/ML XPE CT FR PLAS AMB X 120 ML + CP MED;R5C - EXPECTORANTES;Genérico;Regulado;18,37;18,59;21,13;20,87;22,40;22,13;22,53;22,26;22,67;22,40;22,95;22,68;23,09;22,82;23,24;22,96;23,38;23,10;23,53;23,25;23,83;23,55;23,99;23,70;24,14;23,85;25,39;25,62;29,13;28,85;30,88;30,59;31,06;30,77;31,25;30,97;31,63;31,35;31,83;31,55;32,03;31,74;32,23;31,93;32,43;32,14;32,85;32,56;33,07;32,76;33,27;32,97;Não;Não;Não;Não;;Positiva;Sim;Tarja Vermelha;
ACEBROFILINA;60.659.463/0029-92;ACHÉ LABORATÓRIOS FARMACÊUTICOS S.A;552922100151103;1057300190017;7896658047084;    -     ;    -     ;MELYSSE;10 MG/ML XPE CT FR PLAS AMB X 120 ML + COP  X 10 ML;R5C - EXPECTORANTES;Similar;Regulado;33,45;33,86;38,48;38,02;40,80;40,31;41,04;40,55;41,29;40,80;41,80;41,30;42,06;41,56;42,33;41,82;42,59;42,08;42,86;42,35;43,41;42,89;43,69;43,17;43,97;43,45;46,25;46,67;53,04;52,56;56,24;55,73;56,57;56,06;56,91;56,40;57,62;57,09;57,98;57,45;58,35;57,81;58,71;58,17;59,08;58,55;59,84;59,29;60,22;59,68;60,61;60,07;Não;Não;Não;Não;;Positiva;Sim;Tarja Vermelha;
ACEBROFILINA;60.659.463/0029-92;ACHÉ LABORATÓRIOS FARMACÊUTICOS S.A;552922100151203;1057300190025;7896658047077;    -     ;    -     ;MELYSSE;5 MG/ML XPE CT FR PLAS AMB X 120 ML + COP  X 10 ML;R5C - EXPECTORANTES;Similar;Regulado;25,12;25,43;28,90;28,55;30,64;30,27;30,82;30,45;31,01;30,64;31,40;31,02;31,59;31,21;31,79;31,41;31,99;31,60;32,19;31,80;32,60;32,21;32,81;32,42;33,03;32,63;34,73;35,05;39,84;39,47;42,23;41,85;42,48;42,10;42,74;42,36;43,28;42,88;43,54;43,15;43,82;43,42;44,09;43,69;44,37;43,96;44,94;44,53;45,23;44,82;45,53;45,11;Não;Não;Não;Não;;Positiva;Sim;Tarja Vermelha;
ACEBROFILINA;60.659.463/0029-92;ACHÉ LABORATÓRIOS FARMACÊUTICOS S.A;552922100151303;1057300190033;7896658046919;    -     ;    -     ;MELYSSE;10 MG/ML XPE CT FR PLAS AMB X 60 ML + COP  X 10 ML;R5C - EXPECTORANTES;Similar;Regulado;16,75;16,95;19,26;19,03;20,42;20,18;20,55;20,30;20,67;20,42;20,93;20,67;21,06;20,80;21,19;20,93;21,32;21,06;21,46;21,20;21,73;21,47;21,87;21,61;22,01;21,75;23,15;23,36;26,55;26,31;28,15;27,90;28,33;28,06;28,49;28,23;28,85;28,58;29,03;28,75;29,21;28,93;29,39;29,11;29,58;29,31;29,95;29,68;30,15;29,87;30,34;30,07;Não;Não;Não;Não;;Positiva;Sim;Tarja Vermelha;
ACEBROFILINA;60.659.463/0029-92;ACHÉ LABORATÓRIOS FARMACÊUTICOS S.A;552922100151403;1057300190041;7896658046902;    -     ;    -     ;MELYSSE;5 MG/ML XPE CT FR PLAS AMB X 60 ML + COP X 10 ML;R5C - EXPECTORANTES;Similar;Regulado;12,55;12,70;14,43;14,26;15,30;15,12;15,39;15,21;15,49;15,30;15,68;15,49;15,78;15,59;15,88;15,68;15,97;15,78;16,08;15,88;16,28;16,09;16,39;16,19;16,49;16,30;17,35;17,51;19,89;19,71;21,09;20,90;21,21;21,03;21,35;21,15;21,61;21,41;21,75;21,55;21,89;21,68;22,01;21,81;22,16;21,95;22,44;22,24;22,59;22,38;22,73;22,53;Não;Não;Não;Não;;Positiva;Sim;Tarja Vermelha;
ACEBROFILINA;60.659.463/0029-92;ACHÉ LABORATÓRIOS FARMACÊUTICOS S.A;500501201132417;1057301270065;7896658002113;    -     ;    -     ;BRONDILAT;10 MG/ML XPE CT FR PLAS AMB X 120 ML + COP  X 10 ML;R5C - EXPECTORANTES;Similar;Regulado;45,91;46,47;52,81;52,17;55,99;55,32;56,33;55,65;56,67;55,99;57,37;56,68;57,73;57,03;58,09;57,39;58,45;57,75;58,82;58,12;59,58;58,86;59,96;59,24;60,35;59,63;63,47;64,05;72,79;72,12;77,18;76,48;77,65;76,93;78,11;77,40;79,08;78,36;79,57;78,84;80,07;79,34;80,57;79,84;81,08;80,35;82,12;81,37;82,65;81,90;83,19;82,43;Não;Não;Não;Não;;Positiva;Sim;Tarja Vermelha;
ACEBROFILINA;60.659.463/0029-92;ACHÉ LABORATÓRIOS FARMACÊUTICOS S.A;500501202139415;1057301270073;7896658002120;    -     ;    -     ;BRONDILAT;5 MG/ML XPE CT FR PLAS AMB X 120 ML + COP  X 10 ML;R5C - EXPECTORANTES;Similar;Regulado;30,99;31,37;35,65;35,22;37,80;37,34;38,02;37,57;38,26;37,80;38,73;38,26;38,97;38,50;39,21;38,74;39,46;38,99;39,71;39,23;40,22;39,74;40,48;39,99;40,74;40,25;42,85;43,24;49,14;48,69;52,10;51,62;52,41;51,94;52,74;52,26;53,39;52,89;53,72;53,22;54,05;53,56;54,39;53,90;54,74;54,23;55,44;54,94;55,80;55,28;56,16;55,64;Não;Não;Não;Não;;Positiva;Sim;Tarja Vermelha;
ACEBROFILINA;60.659.463/0029-92;ACHÉ LABORATÓRIOS FARMACÊUTICOS S.A;500501204131314;1057301270091;7896658012167;    -     ;    -     ;BRONDILAT;10 MG/ML XPE CT FR PLAS AMB X 60 ML + COP  X 10 ML;R5C - EXPECTORANTES;Similar;Regulado;22,91;23,19;26,35;26,04;27,94;27,60;28,11;27,77;28,28;27,94;28,63;28,29;28,81;28,46;28,99;28,64;29,17;28,82;29,35;29,00;29,73;29,37;29,92;29,56;30,12;29,76;31,67;31,96;36,32;36,00;38,51;38,16;38,75;38,39;38,98;38,63;39,46;39,11;39,71;39,34;39,96;39,59;40,21;39,84;40,46;40,09;40,98;40,60;41,24;40,86;41,52;41,14;Não;Não;Não;Não;;Positiva;Sim;Tarja Vermelha;
ACEBROFILINA;60.659.463/0029-92;ACHÉ LABORATÓRIOS FARMACÊUTICOS S.A;500501203135316;1057301270111;7896658012174;    -     ;    -     ;BRONDILAT;5 MG/ML XPE CT FR PLAS AMB X 60 ML + COP X 10 ML;R5C - EXPECTORANTES;Similar;Regulado;15,51;15,70;17,84;17,63;18,92;18,69;19,03;18,80;19,15;18,92;19,38;19,15;19,50;19,27;19,63;19,39;19,75;19,51;19,87;19,63;20,13;19,89;20,26;20,01;20,39;20,14;21,44;21,64;24,59;24,37;26,08;25,84;26,23;25,99;26,40;26,16;26,71;26,47;26,88;26,64;27,06;26,81;27,22;26,97;27,39;27,14;27,75;27,50;27,93;27,66;28,11;27,84;Não;Não;Não;Não;;Positiva;Sim;Tarja Vermelha;
ACEBROFILINA;60.659.463/0029-92;ACHÉ LABORATÓRIOS FARMACÊUTICOS S.A;552920020116317;1057306090014;7896181924098;    -     ;    -     ;ACEBROFILINA;5 MG/ML XPE CT FR VD AMB X 120 ML + COP;R5C - EXPECTORANTES;Genérico;Regulado;19,22;19,45;22,10;21,84;23,43;23,15;23,58;23,29;23,72;23,43;24,01;23,72;24,16;23,87;24,31;24,02;24,47;24,17;24,62;24,32;24,94;24,64;25,10;24,80;25,26;24,96;26,57;26,81;30,46;30,19;32,30;32,00;32,50;32,20;32,70;32,39;33,10;32,79;33,30;33,00;33,51;33,21;33,73;33,41;33,94;33,62;34,38;34,06;34,60;34,28;34,82;34,51;Não;Não;Não;Não;;Positiva;Não;Tarja Vermelha;
ACEBROFILINA;60.659.463/0029-92;ACHÉ LABORATÓRIOS FARMACÊUTICOS S.A;552920020116417;1057306090022;7896181924081;    -     ;    -     ;ACEBROFILINA;10 MG/ML XPE CT FR VD AMB X 120 ML + CP MED;R5C - EXPECTORANTES;Genérico;Regulado;27,22;27,55;31,31;30,93;33,19;32,79;33,39;32,99;33,60;33,19;34,01;33,60;34,22;33,81;34,44;34,02;34,65;34,24;34,87;34,45;35,32;34,90;35,55;35,12;35,78;35,35;37,63;37,97;43,16;42,76;45,75;45,33;46,02;45,61;46,31;45,88;46,88;46,45;47,17;46,74;47,47;47,03;47,76;47,33;48,06;47,63;48,68;48,25;49,00;48,55;49,32;48,87;Não;Não;Não;Não;;Positiva;Não;Tarja Vermelha;
ACEBROFILINA;60.659.463/0029-92;ACHÉ LABORATÓRIOS FARMACÊUTICOS S.A;552920020116517;1057306090030;7896181924098;    -     ;    -     ;ACEBROFILINA;5 MG/ML XPE CT FR PLAS AMB X 120 ML + CP MED;R5C - EXPECTORANTES;Genérico;Regulado;19,22;19,45;22,10;21,84;23,43;23,15;23,58;23,29;23,72;23,43;24,01;23,72;24,16;23,87;24,31;24,02;24,47;24,17;24,62;24,32;24,94;24,64;25,10;24,80;25,26;24,96;26,57;26,81;30,46;30,19;32,30;32,00;32,50;32,20;32,70;32,39;33,10;32,79;33,30;33,00;33,51;33,21;33,73;33,41;33,94;33,62;34,38;34,06;34,60;34,28;34,82;34,51;Não;Não;Não;Não;;Positiva;Sim;Tarja Vermelha;
ACEBROFILINA;60.659.463/0029-92;ACHÉ LABORATÓRIOS FARMACÊUTICOS S.A;552920020116617;1057306090049;7896181924081;    -     ;    -     ;ACEBROFILINA;10 MG/ML XPE CT FR PLAS AMB X 120 ML + CP MED;R5C - EXPECTORANTES;Genérico;Regulado;27,22;27,55;31,31;30,93;33,19;32,79;33,39;32,99;33,60;33,19;34,01;33,60;34,22;33,81;34,44;34,02;34,65;34,24;34,87;34,45;35,32;34,90;35,55;35,12;35,78;35,35;37,63;37,97;43,16;42,76;45,75;45,33;46,02;45,61;46,31;45,88;46,88;46,45;47,17;46,74;47,47;47,03;47,76;47,33;48,06;47,63;48,68;48,25;49,00;48,55;49,32;48,87;Não;Não;Não;Não;;Positiva;Sim;Tarja Vermelha;
ACEBROFILINA;45.992.062/0001-65;GERMED FARMACEUTICA LTDA;526116090097106;1058303150030;7896004710488;    -     ;    -     ;ACEBROFILINA;5 MG/ML XPE CT FR PLAS AMB X 120 ML + COP;R5C - EXPECTORANTES;Genérico;Regulado;19,23;19,46;22,11;21,85;23,45;23,16;23,59;23,30;23,73;23,45;24,02;23,74;24,17;23,88;24,33;24,03;24,48;24,18;24,63;24,34;24,95;24,65;25,11;24,81;25,27;24,97;26,58;26,82;30,48;30,21;32,32;32,02;32,52;32,21;32,71;32,42;33,11;32,82;33,32;33,01;33,54;33,22;33,74;33,43;33,95;33,65;34,39;34,08;34,61;34,30;34,83;34,52;Não;Não;Não;Não;;Positiva;Sim;Tarja Vermelha;
ACEBROFILINA;45.992.062/0001-65;GERMED FARMACEUTICA LTDA;526116090097406;1058303150049;7896004710495;    -     ;    -     ;ACEBROFILINA;10 MG/ML XPE CT FR PLAS AMB X 120 ML + COP;R5C - EXPECTORANTES;Genérico;Regulado;26,21;26,53;30,15;29,79;31,96;31,58;32,16;31,77;32,35;31,97;32,75;32,36;32,96;32,56;33,16;32,76;33,37;32,97;33,58;33,18;34,01;33,60;34,23;33,82;34,45;34,04;36,24;36,57;41,56;41,18;44,05;43,66;44,33;43,92;44,59;44,20;45,14;44,74;45,43;45,01;45,71;45,29;46,00;45,58;46,29;45,87;46,88;46,45;47,18;46,75;47,49;47,06;Não;Não;Não;Não;;Positiva;Sim;Tarja Vermelha;
ACEBROFILINA;17.562.075/0001-69;CIFARMA CIENTÍFICA FARMACÊUTICA LTDA;506324080043904;1156001860019;7898495607872;    -     ;    -     ;BRONCOMUCOL;10 MG/ML XPE CT FR VD AMB X 120 ML + COP ;R5C - EXPECTORANTES;Similar;Regulado;23,89;24,18;27,48;27,15;29,13;28,78;29,31;28,96;29,49;29,13;29,85;29,49;30,04;29,68;30,23;29,86;30,42;30,05;30,61;30,24;31,00;30,63;31,20;30,83;31,40;31,03;33,03;33,33;37,88;37,53;40,15;39,79;40,40;40,04;40,65;40,27;41,15;40,77;41,41;41,03;41,67;41,28;41,93;41,54;42,19;41,81;42,73;42,34;43,01;42,62;43,28;42,90;Não;Não;Não;Não;;Positiva;Não;- (*) ;
ACEBROFILINA;17.562.075/0001-69;CIFARMA CIENTÍFICA FARMACÊUTICA LTDA;506324080044004;1156001860027;7898495607803;    -     ;    -     ;BRONCOMUCOL;5 MG/ML XPE CT FR VD AMB X 120 ML + COP;R5C - EXPECTORANTES;Similar;Regulado;17,13;17,34;19,70;19,47;20,89;20,64;21,02;20,77;21,15;20,89;21,41;21,15;21,54;21,28;21,68;21,41;21,81;21,55;21,95;21,69;22,23;21,96;22,37;22,11;22,52;22,25;23,68;23,90;27,15;26,92;28,79;28,53;28,97;28,71;29,15;28,88;29,51;29,24;29,69;29,42;29,88;29,60;30,06;29,79;30,26;29,99;30,64;30,36;30,83;30,57;31,04;30,76;Não;Não;Não;Não;;Positiva;Não;- (*) ;
ACEBROFILINA;92.265.552/0009-05;MULTILAB INDUSTRIA E COMERCIO DE PRODUTOS FARMACEUTICOS LTDA;607023020084517;1181902750028;7895296271042;    -     ;    -     ;ACEBROFILINA;5 MG/ML XPE CT FR PLAS AMB X 120 ML + COP;R5C - EXPECTORANTES;Genérico;Regulado;20,18;20,43;23,22;22,94;24,61;24,32;24,76;24,47;24,91;24,62;25,22;24,92;25,38;25,07;25,54;25,23;25,70;25,39;25,86;25,55;26,19;25,88;26,36;26,04;26,53;26,21;27,90;28,16;32,01;31,71;33,92;33,62;34,13;33,83;34,34;34,04;34,76;34,45;34,98;34,66;35,20;34,88;35,42;35,10;35,65;35,32;36,10;35,78;36,33;36,00;36,57;36,23;Não;Não;Não;Não;;Positiva;Sim;Tarja Vermelha;
ACEBROFILINA;92.265.552/0009-05;MULTILAB INDUSTRIA E COMERCIO DE PRODUTOS FARMACEUTICOS LTDA;607023020084617;1181902750044;7895296271035;    -     ;    -     ;ACEBROFILINA;10 MG/ML XPE CT FR PLAS AMB X 120 ML + COP;R5C - EXPECTORANTES;Genérico;Regulado;29,84;30,20;34,32;33,91;36,39;35,95;36,61;36,17;36,83;36,39;37,28;36,84;37,52;37,07;37,75;37,30;37,99;37,53;38,23;37,77;38,72;38,25;38,97;38,50;39,22;38,75;41,25;41,63;47,31;46,88;50,16;49,70;50,46;50,00;50,77;50,31;51,39;50,93;51,72;51,25;52,03;51,57;52,37;51,88;52,70;52,21;53,37;52,88;53,72;53,22;54,06;53,57;Não;Não;Não;Não;;Positiva;Sim;Tarja Vermelha;
ACEBROFILINA;73.856.593/0001-66;PRATI DONADUZZI & CIA LTDA;528525712137112;1256801590128;7898148292790;    -     ;    -     ;ACEBROFILINA;5 MG/ML XPE CX 50 FR PLAS PEAD OPC X 120 ML + 50 COP;R5C - EXPECTORANTES;Genérico;Regulado;578,67;585,70;665,57;657,58;705,66;697,19;709,94;701,42;714,27;705,70;723,09;714,41;727,58;718,85;732,13;723,34;736,73;727,89;741,39;732,50;750,90;741,89;755,74;746,67;760,65;751,52;;;;;;;;;;;;;;;;;;;;;;;;;;;Sim;Não;Não;Não;;Positiva;Sim;Tarja Vermelha;
ACEBROFILINA;02.814.497/0001-07;CIMED INDUSTRIA S.A;506409801136113;1438101310011;7896523209111;    -     ;    -     ;ACEBROFILINA;10 MG/ML XPE CT FR PLAS PET AMB X 120 ML + COP;R5C - EXPECTORANTES;Genérico;Regulado;25,16;25,47;28,94;28,60;30,69;30,32;30,87;30,50;31,06;30,69;31,44;31,07;31,64;31,26;31,84;31,46;32,04;31,65;32,24;31,85;32,65;32,26;32,86;32,47;33,08;32,68;34,79;35,11;39,89;39,54;42,30;41,92;42,55;42,16;42,81;42,43;43,34;42,95;43,61;43,22;43,89;43,49;44,16;43,75;44,44;44,03;45,00;44,60;45,29;44,89;45,60;45,18;Não;Não;Não;Não;;Positiva;Sim;Tarja Vermelha;
ACEBROFILINA;02.814.497/0001-07;CIMED INDUSTRIA S.A;506409802132111;1438101310021;7896523209128;    -     ;    -     ;ACEBROFILINA;5 MG/ML XPE CT FR PLAS PET AMB X 120 ML + COP;R5C - EXPECTORANTES;Genérico;Regulado;18,14;18,36;20,86;20,61;22,12;21,86;22,25;21,99;22,39;22,12;22,67;22,39;22,81;22,53;22,95;22,67;23,09;22,82;23,24;22,96;23,54;23,26;23,69;23,41;23,84;23,56;25,08;25,31;28,75;28,49;30,49;30,22;30,67;30,40;30,86;30,58;31,25;30,95;31,44;31,15;31,63;31,34;31,83;31,55;32,03;31,74;32,45;32,16;32,65;32,36;32,86;32,57;Não;Não;Não;Não;;Positiva;Sim;Tarja Vermelha;
ACEBROFILINA;02.814.497/0001-07;CIMED INDUSTRIA S.A;506414100028706;1438101310038;7896523209098;    -     ;    -     ;ACEBROFILINA;10 MG/ML XPE CX 50 FR PLAS PET AMB X 120 ML + 50 COP;R5C - EXPECTORANTES;Genérico;Regulado;470,67;476,39;541,35;534,86;573,96;567,08;577,44;570,51;580,96;573,99;588,14;581,08;591,79;584,69;595,49;588,34;599,23;592,04;603,03;595,79;610,76;603,43;614,70;607,32;618,69;611,26;650,68;656,65;746,19;739,41;791,14;783,95;795,94;788,70;800,79;793,51;810,69;803,31;815,72;808,30;820,82;813,35;825,98;818,46;831,21;823,64;841,87;834,21;847,30;839,58;852,80;845,03;Não;Não;Não;Não;;Positiva;Sim;Tarja Vermelha;
ACEBROFILINA;02.814.497/0001-07;CIMED INDUSTRIA S.A;506414100028606;1438101310046;7896523209104;    -     ;    -     ;ACEBROFILINA;5 MG/ML XPE CX 50 FR PLAS PET AMB X 120 ML + 50 COP;R5C - EXPECTORANTES;Genérico;Regulado;460,49;466,08;529,64;523,28;561,54;554,80;564,95;558,17;568,39;561,57;575,41;568,50;578,98;572,03;582,60;575,61;586,26;579,23;589,97;582,90;597,54;590,37;601,39;594,18;605,30;598,03;636,60;642,44;730,05;723,40;774,02;766,98;778,72;771,64;783,47;776,34;793,14;785,92;798,06;790,80;803,05;795,75;808,10;800,75;813,21;805,83;823,65;816,15;828,95;821,42;834,34;826,74;Não;Não;Não;Não;(2);Positiva;Sim;Tarja Vermelha;
ACEBROFILINA;03.485.572/0001-04;GEOLAB INDÚSTRIA FARMACÊUTICA S/A;510413402133412;1542301160018;7899095203594;    -     ;    -     ;BRONTEK;10 MG/ML XPE CT FR VD AMB X 120 ML + COP;R5C - EXPECTORANTES;Similar;Regulado;36,75;37,20;42,27;41,77;44,82;44,28;45,09;44,55;45,37;44,82;45,93;45,37;46,21;45,66;46,50;45,94;46,79;46,23;47,09;46,52;47,69;47,12;48,00;47,42;48,31;47,73;50,81;51,28;58,26;57,74;61,78;61,21;62,15;61,59;62,54;61,96;63,31;62,72;63,70;63,12;64,10;63,51;64,50;63,91;64,91;64,31;65,74;65,14;66,16;65,56;66,59;65,98;Não;Não;Não;Não;;Positiva;Sim;Tarja Vermelha;
ACEBROFILINA;03.485.572/0001-04;GEOLAB INDÚSTRIA FARMACÊUTICA S/A;510413401137414;1542301160034;7899095203600;    -     ;    -     ;BRONTEK;5 MG/ML XPE CT FR VD AMB X 120 ML + COP;R5C - EXPECTORANTES;Similar;Regulado;26,37;26,69;30,33;29,97;32,16;31,77;32,35;31,96;32,55;32,16;32,95;32,56;33,16;32,76;33,36;32,96;33,57;33,17;33,78;33,38;34,22;33,81;34,44;34,03;34,66;34,25;36,45;36,79;41,81;41,43;44,33;43,92;44,59;44,18;44,87;44,46;45,42;45,01;45,71;45,29;45,98;45,57;46,27;45,86;46,56;46,15;47,17;46,74;47,47;47,04;47,78;47,35;Não;Não;Não;Não;;Positiva;Sim;Tarja Vermelha;
ACEBROFILINA;03.485.572/0001-04;GEOLAB INDÚSTRIA FARMACÊUTICA S/A;510413301132119;1542301230016;7899095233027;    -     ;    -     ;ACEBROFILINA;10MG/ML XPE CT FR VD AMB X 120ML + COP;R5C - EXPECTORANTES;Genérico;Regulado;29,78;30,14;34,25;33,84;36,31;35,88;36,53;36,09;36,76;36,32;37,21;36,76;37,44;36,99;37,68;37,22;37,91;37,46;38,15;37,69;38,64;38,18;38,89;38,42;39,14;38,67;41,17;41,54;47,21;46,78;50,05;49,60;50,35;49,89;50,67;50,21;51,29;50,82;51,61;51,14;51,94;51,45;52,25;51,79;52,59;52,10;53,26;52,78;53,61;53,11;53,95;53,46;Não;Não;Não;Não;;Positiva;Sim;Tarja Vermelha;
ACEBROFILINA;03.485.572/0001-04;GEOLAB INDÚSTRIA FARMACÊUTICA S/A;510413302139117;1542301230032;7899095233034;    -     ;    -     ;ACEBROFILINA;5MG/ML XPE CT FR VD AMB X 120ML + COP;R5C - EXPECTORANTES;Genérico;Regulado;20,14;20,38;23,16;22,88;24,55;24,26;24,70;24,41;24,85;24,56;25,16;24,86;25,32;25,01;25,48;25,17;25,64;25,33;25,80;25,49;26,13;25,81;26,30;25,98;26,47;26,15;27,84;28,09;31,92;31,63;33,84;33,54;34,05;33,75;34,25;33,95;34,68;34,37;34,90;34,57;35,12;34,80;35,34;35,02;35,56;35,24;36,02;35,68;36,25;35,92;36,49;36,15;Não;Não;Não;Não;;Positiva;Sim;Tarja Vermelha;
ACEBROFILINA;05.161.069/0001-10;BRAINFARMA INDÚSTRIA QUÍMICA E FARMACÊUTICA S.A;504617090065718;1558403980010;7896714214115;    -     ;    -     ;ACEBROFILINA;5 MG/ML XPE CT FR VD AMB X 120 ML + COP;R5C - EXPECTORANTES;Genérico;Regulado;18,94;19,17;21,78;21,52;23,10;22,82;23,24;22,96;23,38;23,10;23,67;23,38;23,81;23,53;23,96;23,67;24,11;23,82;24,27;23,97;24,58;24,28;24,74;24,44;24,90;24,60;26,18;26,42;30,02;29,75;31,84;31,55;32,03;31,74;32,23;31,93;32,63;32,32;32,82;32,53;33,03;32,72;33,23;32,93;33,45;33,14;33,88;33,57;34,10;33,79;34,32;34,01;Não;Não;Não;Não;;Positiva;Sim;- (*) ;
ACEBROFILINA;05.161.069/0001-10;BRAINFARMA INDÚSTRIA QUÍMICA E FARMACÊUTICA S.A;504617090065618;1558403980037;7896714214146;    -     ;    -     ;ACEBROFILINA;10 MG/ML XPE CT FR VD AMB X 120 ML + COP;R5C - EXPECTORANTES;Genérico;Regulado;25,71;26,02;29,57;29,21;31,35;30,97;31,54;31,16;31,73;31,35;32,12;31,74;32,32;31,94;32,53;32,13;32,73;32,34;32,94;32,54;33,36;32,96;33,57;33,17;33,79;33,39;35,54;35,87;40,76;40,38;43,21;42,81;43,47;43,08;43,74;43,34;44,27;43,88;44,55;44,16;44,84;44,42;45,11;44,71;45,40;44,98;45,98;45,57;46,27;45,86;46,58;46,16;Não;Não;Não;Não;;Positiva;Sim;- (*) ;
ACEBROFILINA;05.044.984/0001-26;LEGRAND PHARMA INDUSTRIA FARMACEUTICA LTDA;538820020071607;1677301840034;7896004710532;    -     ;    -     ;BRONCOLEX;5 MG/ML XPE INF CT FR PLAS AMB X 120 ML + COP;R5C - EXPECTORANTES;Similar;Regulado;19,98;20,22;22,98;22,70;24,36;24,07;24,51;24,21;24,66;24,36;24,96;24,66;25,12;24,82;25,28;24,97;25,43;25,13;25,59;25,29;25,92;25,61;26,09;25,78;26,26;25,94;27,62;27,87;31,68;31,38;33,58;33,28;33,78;33,47;33,99;33,68;34,40;34,09;34,63;34,31;34,85;34,52;35,05;34,74;35,27;34,96;35,73;35,40;35,96;35,64;36,20;35,86;Não;Não;Não;Não;;Positiva;Sim;Tarja Vermelha;
ACEBROFILINA;05.044.984/0001-26;LEGRAND PHARMA INDUSTRIA FARMACEUTICA LTDA;538820020071707;1677301840042;7896004710549;    -     ;    -     ;BRONCOLEX;10 MG/ML XPE AD CT FR PLAS AMB X 120 ML + COP;R5C - EXPECTORANTES;Similar;Regulado;27,22;27,55;31,31;30,93;33,19;32,79;33,39;32,99;33,60;33,19;34,01;33,60;34,22;33,81;34,44;34,02;34,65;34,24;34,87;34,45;35,32;34,90;35,55;35,12;35,78;35,35;37,63;37,97;43,16;42,76;45,75;45,33;46,02;45,61;46,31;45,88;46,88;46,45;47,17;46,74;47,47;47,03;47,76;47,33;48,06;47,63;48,68;48,25;49,00;48,55;49,32;48,87;Não;Não;Não;Não;;Positiva;Sim;Tarja Vermelha;
ACEBROFILINA;12.022.755/0001-76;GALLIA INDUSTRIA FARMACEUTICA LTDA;589021070000517;1887100060015;7898582271696;    -     ;    -     ;RESPIRAN;5 MG/ML XPE CT FR PLAS AMB X 120 ML + CP MED;R5C - EXPECTORANTES;Similar;Regulado;21,02;21,28;24,18;23,89;25,64;25,33;25,79;25,48;25,95;25,64;26,27;25,96;26,43;26,12;26,60;26,28;26,77;26,45;26,94;26,61;27,28;26,95;27,46;27,13;27,64;27,30;29,07;29,33;33,33;33,03;35,34;35,02;35,55;35,22;35,77;35,45;36,21;35,89;36,43;36,11;36,67;36,33;36,90;36,57;37,13;36,79;37,60;37,26;37,85;37,51;38,10;37,74;Não;Não;Não;Não;;Positiva;Sim;Tarja Vermelha;
ACEBROFILINA;12.022.755/0001-76;GALLIA INDUSTRIA FARMACEUTICA LTDA;589021070000617;1887100060023;7898582271672;    -     ;    -     ;RESPIRAN;10 MG/ML XPE CT FR PLAS AMB X 120 ML + CP MED;R5C - EXPECTORANTES;Similar;Regulado;30,33;30,70;34,89;34,47;36,99;36,54;37,21;36,77;37,44;36,99;37,90;37,45;38,14;37,68;38,38;37,91;38,62;38,15;38,86;38,39;39,36;38,89;39,61;39,14;39,87;39,39;41,93;42,32;48,09;47,65;50,99;50,51;51,29;50,83;51,61;51,14;52,24;51,77;52,57;52,09;52,90;52,41;53,23;52,74;53,56;53,07;54,25;53,76;54,60;54,11;54,96;54,45;Não;Não;Não;Não;;Positiva;Sim;Tarja Vermelha;
ACECLOFENACO;61.190.096/0001-92;EUROFARMA LABORATORIOS S.A.;508011303163310;1004308170014;7891317412661;    -     ;    -     ;PROFLAM;15 MG/G CREM CT TB AL X 30 G;M2A - ANTIRREUMÁTICOS E ANALGÉSICOS TÓPICOS;Novo;Liberado;30,24;33,87;38,49;34,36;40,81;36,44;41,05;36,66;41,30;36,88;41,81;37,33;42,07;37,57;42,34;37,80;42,60;38,04;42,87;38,28;43,42;38,77;43,70;39,02;43,99;39,27;41,81;45,44;51,63;47,50;54,75;50,38;55,07;50,68;55,40;50,98;56,09;51,61;56,44;51,94;56,80;52,26;57,15;52,59;57,51;52,92;58,25;53,60;58,62;53,94;59,01;54,29;Não;Não;Não;Não;;Negativa;Sim;- (*) ;
ACECLOFENACO;61.190.096/0001-92;EUROFARMA LABORATORIOS S.A.;508011302116319;1004308170030;7891317411923;    -     ;    -     ;PROFLAM;100 MG COM REV CT BL AL/AL X 12;M1A1 - ANTIRREUMÁTICOS NÃO ESTEROIDAIS PUROS;Novo;Regulado;50,04;50,65;57,56;56,87;61,02;60,29;61,39;60,66;61,77;61,03;62,53;61,78;62,92;62,16;63,31;62,55;63,71;62,95;64,11;63,34;64,94;64,16;65,35;64,57;65,78;64,99;69,18;69,82;79,34;78,62;84,11;83,35;84,62;83,86;85,14;84,37;86,19;85,41;86,73;85,93;87,27;86,47;87,82;87,02;88,37;87,56;89,51;88,70;90,08;89,26;90,67;89,84;Não;Não;Não;Não;;Positiva;Sim;- (*) ;
ACECLOFENACO;61.190.096/0001-92;EUROFARMA LABORATORIOS S.A.;508011305115313;1004308170091;7891317440312;    -     ;    -     ;PROFLAM;100 MG COM REV CT BL AL / AL X 6;M1A1 - ANTIRREUMÁTICOS NÃO ESTEROIDAIS PUROS;Novo;Regulado;24,10;24,39;27,72;27,38;29,39;29,03;29,56;29,21;29,74;29,39;30,11;29,75;30,30;29,93;30,49;30,12;30,68;30,31;30,87;30,50;31,27;30,89;31,47;31,09;31,68;31,30;33,31;33,62;38,21;37,85;40,51;40,13;40,75;40,38;40,99;40,63;41,50;41,13;41,77;41,38;42,03;41,64;42,29;41,90;42,55;42,16;43,10;42,70;43,38;42,98;43,67;43,27;Não;Não;Não;Não;;Positiva;Não;- (*) ;
ACECLOFENACO;61.190.096/0001-92;EUROFARMA LABORATORIOS S.A.;508022060163106;1004313070030;7891317020002;    -     ;    -     ;ACECLOFENACO;100 MG COM REV CT BL AL/AL X 12;M1A1 - ANTIRREUMÁTICOS NÃO ESTEROIDAIS PUROS;Genérico;Regulado;31,93;32,32;36,73;36,29;38,94;38,47;39,18;38,71;39,41;38,94;39,90;39,42;40,15;39,67;40,40;39,92;40,65;40,17;40,91;40,42;41,44;40,94;41,70;41,20;41,97;41,47;44,14;44,55;50,63;50,17;53,67;53,18;54,01;53,51;54,32;53,83;55,00;54,50;55,34;54,84;55,69;55,19;56,03;55,53;56,39;55,88;57,12;56,60;57,48;56,96;57,85;57,33;Não;Não;Não;Não;;Positiva;Sim;- (*) ;
ACECLOFENACO;57.507.378/0003-65;EMS S/A;541812070001306;1023510530049;7896004722122;    -     ;    -     ;ACECLOFENACO;100 MG  COM  REV CT BL AL AL X 12;M1A1 - ANTIRREUMÁTICOS NÃO ESTEROIDAIS PUROS;Genérico;Regulado;32,51;32,90;37,39;36,94;39,64;39,16;39,88;39,40;40,12;39,64;40,62;40,13;40,87;40,38;41,13;40,63;41,38;40,89;41,65;41,15;42,18;41,67;42,45;41,94;42,73;42,21;44,94;45,35;51,54;51,07;54,64;54,14;54,97;54,47;55,30;54,80;55,99;55,48;56,34;55,82;56,69;56,17;57,04;56,53;57,41;56,89;58,14;57,61;58,51;57,98;58,90;58,35;Não;Não;Não;Não;;Positiva;Sim;- (*) ;
ACECLOFENACO;30.222.814/0001-31;VITAMEDIC INDUSTRIA FARMACEUTICA LTDA;533514080027106;1039201720011;7898049795260;    -     ;    -     ;ACECLOFENACO;100 MG COM REV CT ENV AL X 12;M1A1 - ANTIRREUMÁTICOS NÃO ESTEROIDAIS PUROS;Genérico;Regulado;29,35;29,71;33,76;33,36;35,80;35,37;36,01;35,58;36,23;35,80;36,68;36,24;36,91;36,46;37,14;36,69;37,37;36,92;37,61;37,16;38,09;37,63;38,34;37,88;38,58;38,12;40,58;40,95;46,53;46,12;49,35;48,90;49,64;49,19;49,94;49,49;50,56;50,10;50,88;50,40;51,19;50,72;51,51;51,04;51,84;51,37;52,50;52,02;52,85;52,37;53,18;52,70;Não;Não;Não;Não;;Positiva;Sim;- (*) ;
ACECLOFENACO;45.992.062/0001-65;GERMED FARMACEUTICA LTDA;526127601169113;1058305410031;7896004716541;    -     ;    -     ;ACECLOFENACO;15 MG/G CREM DERM CT BG AL X 30 G ;M2A - ANTIRREUMÁTICOS E ANALGÉSICOS TÓPICOS;Genérico;Liberado;21,18;23,72;26,95;24,07;28,58;25,52;28,75;25,67;28,93;25,83;29,28;26,15;29,47;26,31;29,65;26,47;29,84;26,64;30,03;26,81;30,41;27,15;30,61;27,33;30,81;27,50;29,28;31,82;36,15;33,28;38,34;35,28;38,57;35,49;38,81;35,71;39,28;36,15;39,53;36,37;39,77;36,59;40,03;36,83;40,28;37,06;40,79;37,53;41,06;37,78;41,33;38,02;Não;Não;Não;Não;;Negativa;Sim;- (*) ;
ACECLOFENACO;45.992.062/0001-65;GERMED FARMACEUTICA LTDA;526112070085006;1058307420040;7896004722146;    -     ;    -     ;ACECLOFENACO;100 MG COM REV CT BL AL AL X 12;M1A1 - ANTIRREUMÁTICOS NÃO ESTEROIDAIS PUROS;Genérico;Regulado;30,74;31,11;35,35;34,93;37,48;37,03;37,71;37,26;37,94;37,48;38,41;37,95;38,65;38,18;38,89;38,42;39,13;38,66;39,38;38,91;39,88;39,41;40,14;39,66;40,40;39,92;42,49;42,88;48,73;48,29;51,66;51,19;51,98;51,51;52,30;51,81;52,94;52,46;53,27;52,78;53,61;53,11;53,94;53,45;54,28;53,79;54,97;54,48;55,33;54,83;55,69;55,19;Não;Não;Não;Não;;Positiva;Sim;- (*) ;
ACECLOFENACO;45.992.062/0001-65;GERMED FARMACEUTICA LTDA;526112070085106;1058307420083;7896004722153;    -     ;    -     ;ACECLOFENACO;100 MG COM REV CT BL AL AL X 24;M1A1 - ANTIRREUMÁTICOS NÃO ESTEROIDAIS PUROS;Genérico;Regulado;61,40;62,15;70,63;69,78;74,88;73,98;75,33;74,43;75,79;74,88;76,73;75,81;77,20;76,28;77,69;76,76;78,18;77,24;78,67;77,73;79,68;78,72;80,19;79,23;80,71;79,75;84,89;85,67;97,36;96,47;103,21;102,27;103,83;102,90;104,47;103,52;105,76;104,80;106,41;105,45;107,09;106,12;107,76;106,78;108,44;107,46;109,83;108,83;110,53;109,53;111,25;110,25;Não;Não;Não;Não;;Positiva;Sim;- (*) ;
ACECLOFENACO;92.265.552/0009-05;MULTILAB INDUSTRIA E COMERCIO DE PRODUTOS FARMACEUTICOS LTDA;607023010081117;1181902820026;7895296118064;    -     ;    -     ;ACECLOFENACO;100 MG COM REV CT BL AL AL X 12;M1A1 - ANTIRREUMÁTICOS NÃO ESTEROIDAIS PUROS;Genérico;Regulado;32,51;32,90;37,39;36,94;39,64;39,16;39,88;39,40;40,12;39,64;40,62;40,13;40,87;40,38;41,13;40,63;41,38;40,89;41,65;41,15;42,18;41,67;42,45;41,94;42,73;42,21;44,94;45,35;51,54;51,07;54,64;54,14;54,97;54,47;55,30;54,80;55,99;55,48;56,34;55,82;56,69;56,17;57,04;56,53;57,41;56,89;58,14;57,61;58,51;57,98;58,90;58,35;Não;Não;Não;Não;;Positiva;Sim;- (*) ;
ACECLOFENACO;92.265.552/0009-05;MULTILAB INDUSTRIA E COMERCIO DE PRODUTOS FARMACEUTICOS LTDA;607023010081217;1181902820042;7895296118088;    -     ;    -     ;ACECLOFENACO;100 MG COM REV CT BL AL AL X 24;M1A1 - ANTIRREUMÁTICOS NÃO ESTEROIDAIS PUROS;Genérico;Regulado;65,04;65,83;74,81;73,91;79,31;78,36;79,79;78,84;80,28;79,32;81,27;80,30;81,78;80,80;82,29;81,30;82,81;81,81;83,33;82,33;84,40;83,38;84,94;83,92;85,49;84,47;89,91;90,74;103,12;102,18;109,32;108,33;109,98;108,99;110,66;109,66;112,02;111,01;112,73;111,70;113,43;112,39;114,14;113,10;114,86;113,82;116,34;115,27;117,08;116,01;117,84;116,77;Não;Não;Não;Não;;Positiva;Sim;- (*) ;
ACECLOFENACO;92.265.552/0009-05;MULTILAB INDUSTRIA E COMERCIO DE PRODUTOS FARMACEUTICOS LTDA;607023030087417;1181903020015;7895296444965;    -     ;    -     ;ACEFLOR;100 MG  COM  REV CT BL AL PLAS OPC X 6 ;M1A1 - ANTIRREUMÁTICOS NÃO ESTEROIDAIS PUROS;Similar;Regulado;16,27;16,47;18,72;18,49;19,84;19,61;19,96;19,72;20,09;19,84;20,33;20,09;20,46;20,21;20,59;20,34;20,72;20,47;20,85;20,60;21,12;20,86;21,25;21,00;21,39;21,13;22,50;22,70;25,80;25,56;27,35;27,11;27,51;27,26;27,69;27,43;28,02;27,77;28,20;27,94;28,38;28,12;28,56;28,30;28,74;28,48;29,11;28,84;29,29;29,03;29,48;29,21;Não;Não;Não;Não;;Positiva;Não;Tarja Vermelha;
ACECLOFENACO;92.265.552/0009-05;MULTILAB INDUSTRIA E COMERCIO DE PRODUTOS FARMACEUTICOS LTDA;607023030087617;1181903020023;7895296444972;    -     ;    -     ;ACEFLOR;100 MG  COM  REV CT BL AL PLAS OPC X 12;M1A1 - ANTIRREUMÁTICOS NÃO ESTEROIDAIS PUROS;Similar;Regulado;32,51;32,90;37,39;36,94;39,64;39,16;39,88;39,40;40,12;39,64;40,62;40,13;40,87;40,38;41,13;40,63;41,38;40,89;41,65;41,15;42,18;41,67;42,45;41,94;42,73;42,21;44,94;45,35;51,54;51,07;54,64;54,14;54,97;54,47;55,30;54,80;55,99;55,48;56,34;55,82;56,69;56,17;57,04;56,53;57,41;56,89;58,14;57,61;58,51;57,98;58,90;58,35;Não;Não;Não;Não;;Positiva;Não;Tarja Vermelha;
ACECLOFENACO;92.265.552/0009-05;MULTILAB INDUSTRIA E COMERCIO DE PRODUTOS FARMACEUTICOS LTDA;607023030087117;1181903020031;7895296444989;    -     ;    -     ;ACEFLOR;100 MG  COM  REV CT BL AL PLAS OPC X 16;M1A1 - ANTIRREUMÁTICOS NÃO ESTEROIDAIS PUROS;Similar;Regulado;43,35;43,88;49,86;49,27;52,87;52,23;53,19;52,55;53,51;52,87;54,17;53,52;54,51;53,86;54,85;54,19;55,19;54,53;55,54;54,88;56,26;55,58;56,62;55,94;56,99;56,30;59,93;60,48;68,73;68,11;72,88;72,20;73,32;72,65;73,76;73,09;74,67;73,99;75,14;74,46;75,61;74,91;76,07;75,38;76,56;75,87;77,55;76,84;78,04;77,33;78,55;77,83;Não;Não;Não;Não;;Positiva;Não;Tarja Vermelha;
ACECLOFENACO;92.265.552/0009-05;MULTILAB INDUSTRIA E COMERCIO DE PRODUTOS FARMACEUTICOS LTDA;607023030087217;1181903020041;7895296444996;    -     ;    -     ;ACEFLOR;100 MG  COM  REV CT BL AL PLAS OPC X 24;M1A1 - ANTIRREUMÁTICOS NÃO ESTEROIDAIS PUROS;Similar;Regulado;65,04;65,83;74,81;73,91;79,31;78,36;79,79;78,84;80,28;79,32;81,27;80,30;81,78;80,80;82,29;81,30;82,81;81,81;83,33;82,33;84,40;83,38;84,94;83,92;85,49;84,47;89,91;90,74;103,12;102,18;109,32;108,33;109,98;108,99;110,66;109,66;112,02;111,01;112,73;111,70;113,43;112,39;114,14;113,10;114,86;113,82;116,34;115,27;117,08;116,01;117,84;116,77;Não;Não;Não;Não;;Positiva;Não;Tarja Vermelha;
ACECLOFENACO;92.265.552/0009-05;MULTILAB INDUSTRIA E COMERCIO DE PRODUTOS FARMACEUTICOS LTDA;607023030087517;1181903020058;7895296444934;    -     ;    -     ;ACEFLOR;100 MG  COM  REV CT BL AL AL X 6;M1A1 - ANTIRREUMÁTICOS NÃO ESTEROIDAIS PUROS;Similar;Regulado;16,27;16,47;18,72;18,49;19,84;19,61;19,96;19,72;20,09;19,84;20,33;20,09;20,46;20,21;20,59;20,34;20,72;20,47;20,85;20,60;21,12;20,86;21,25;21,00;21,39;21,13;22,50;22,70;25,80;25,56;27,35;27,11;27,51;27,26;27,69;27,43;28,02;27,77;28,20;27,94;28,38;28,12;28,56;28,30;28,74;28,48;29,11;28,84;29,29;29,03;29,48;29,21;Não;Não;Não;Não;;Positiva;Não;Tarja Vermelha;
ACECLOFENACO;92.265.552/0009-05;MULTILAB INDUSTRIA E COMERCIO DE PRODUTOS FARMACEUTICOS LTDA;607023030087717;1181903020066;7895296309011;    -     ;    -     ;ACEFLOR;100 MG  COM  REV CT BL AL AL X 12;M1A1 - ANTIRREUMÁTICOS NÃO ESTEROIDAIS PUROS;Similar;Regulado;32,51;32,90;37,39;36,94;39,64;39,16;39,88;39,40;40,12;39,64;40,62;40,13;40,87;40,38;41,13;40,63;41,38;40,89;41,65;41,15;42,18;41,67;42,45;41,94;42,73;42,21;44,94;45,35;51,54;51,07;54,64;54,14;54,97;54,47;55,30;54,80;55,99;55,48;56,34;55,82;56,69;56,17;57,04;56,53;57,41;56,89;58,14;57,61;58,51;57,98;58,90;58,35;Não;Não;Não;Não;;Positiva;Sim;Tarja Vermelha;
ACECLOFENACO;92.265.552/0009-05;MULTILAB INDUSTRIA E COMERCIO DE PRODUTOS FARMACEUTICOS LTDA;607023030087017;1181903020074;7895296444941;    -     ;    -     ;ACEFLOR;100 MG  COM  REV CT BL AL AL X 16 ;M1A1 - ANTIRREUMÁTICOS NÃO ESTEROIDAIS PUROS;Similar;Regulado;43,35;43,88;49,86;49,27;52,87;52,23;53,19;52,55;53,51;52,87;54,17;53,52;54,51;53,86;54,85;54,19;55,19;54,53;55,54;54,88;56,26;55,58;56,62;55,94;56,99;56,30;59,93;60,48;68,73;68,11;72,88;72,20;73,32;72,65;73,76;73,09;74,67;73,99;75,14;74,46;75,61;74,91;76,07;75,38;76,56;75,87;77,55;76,84;78,04;77,33;78,55;77,83;Não;Não;Não;Não;;Positiva;Não;Tarja Vermelha;
ACECLOFENACO;92.265.552/0009-05;MULTILAB INDUSTRIA E COMERCIO DE PRODUTOS FARMACEUTICOS LTDA;607023030087317;1181903020082;7895296444958;    -     ;    -     ;ACEFLOR;100 MG  COM  REV CT BL AL AL X 24;M1A1 - ANTIRREUMÁTICOS NÃO ESTEROIDAIS PUROS;Similar;Regulado;65,04;65,83;74,81;73,91;79,31;78,36;79,79;78,84;80,28;79,32;81,27;80,30;81,78;80,80;82,29;81,30;82,81;81,81;83,33;82,33;84,40;83,38;84,94;83,92;85,49;84,47;89,91;90,74;103,12;102,18;109,32;108,33;109,98;108,99;110,66;109,66;112,02;111,01;112,73;111,70;113,43;112,39;114,14;113,10;114,86;113,82;116,34;115,27;117,08;116,01;117,84;116,77;Não;Não;Não;Não;;Positiva;Não;Tarja Vermelha;
ACECLOFENACO;73.663.650/0001-90;RANBAXY FARMACÊUTICA LTDA;529900101113114;1235201000025;7897076909312;    -     ;    -     ;ACECLOFENACO;100 MG COM REV CT STR AL X 12;M1A1 - ANTIRREUMÁTICOS NÃO ESTEROIDAIS PUROS;Genérico;Regulado;29,88;30,24;34,36;33,95;36,43;36,00;36,65;36,21;36,88;36,44;37,33;36,89;37,57;37,11;37,80;37,35;38,04;37,58;38,28;37,82;38,77;38,30;39,02;38,55;39,27;38,80;41,30;41,68;47,36;46,93;50,21;49,77;50,52;50,06;50,84;50,38;51,46;51,00;51,79;51,30;52,10;51,63;52,43;51,95;52,76;52,28;53,44;52,95;53,79;53,29;54,13;53,64;Não;Não;Não;Não;;Positiva;Sim;Tarja Vermelha;
ACECLOFENACO;73.663.650/0001-90;RANBAXY FARMACÊUTICA LTDA;529900102111115;1235201000033;7897076909343;    -     ;    -     ;ACECLOFENACO;100 MG COM REV CT STR AL X 24;M1A1 - ANTIRREUMÁTICOS NÃO ESTEROIDAIS PUROS;Genérico;Regulado;55,91;56,59;64,31;63,54;68,18;67,36;68,59;67,77;69,01;68,18;69,86;69,03;70,30;69,45;70,74;69,89;71,18;70,33;71,63;70,77;72,55;71,68;73,02;72,14;73,49;72,61;77,29;78,00;88,64;87,84;93,98;93,12;94,54;93,69;95,12;94,25;96,29;95,43;96,90;96,01;97,51;96,62;98,11;97,23;98,73;97,84;100,00;99,09;100,65;99,73;101,30;100,38;Não;Não;Não;Não;;Positiva;Sim;Tarja Vermelha;
ACECLOFENACO;02.814.497/0001-07;CIMED INDUSTRIA S.A;506421060048806;1438102140179;7896523227092;    -     ;    -     ;ACECLOFENACO;100 MG COM REV CT BL AL AL X 12;M1A1 - ANTIRREUMÁTICOS NÃO ESTEROIDAIS PUROS;Genérico;Regulado;29,90;30,26;34,39;33,97;36,46;36,02;36,68;36,24;36,90;36,46;37,36;36,91;37,59;37,14;37,83;37,37;38,06;37,61;38,30;37,84;38,79;38,33;39,05;38,58;39,30;38,83;41,33;41,71;47,40;46,96;50,26;49,80;50,56;50,10;50,86;50,40;51,50;51,03;51,81;51,34;52,14;51,66;52,46;51,99;52,79;52,31;53,47;52,99;53,83;53,33;54,17;53,68;Não;Não;Não;Não;;Positiva;Sim;Tarja Vermelha;
ACECLOFENACO;05.254.971/0001-81;ZYDUS NIKKHO FARMACÊUTICA LTDA;536218030008706;1565100640011;7898940658800;    -     ;    -     ;ACECLOFENACO;100 MG COM CT BL AL/AL X 12;M1A1 - ANTIRREUMÁTICOS NÃO ESTEROIDAIS PUROS;Genérico;Regulado;32,48;32,87;37,35;36,90;39,60;39,13;39,84;39,36;40,09;39,60;40,58;40,09;40,83;40,34;41,09;40,59;41,35;40,85;41,61;41,11;42,14;41,64;42,41;41,90;42,69;42,18;44,90;45,31;51,48;51,01;54,58;54,09;54,92;54,41;55,26;54,74;55,94;55,42;56,28;55,77;56,64;56,11;57,00;56,47;57,36;56,83;58,09;57,56;58,46;57,92;58,84;58,31;Não;Não;Não;Não;;Positiva;Sim;Tarja Vermelha;
ACECLOFENACO;05.044.984/0001-26;LEGRAND PHARMA INDUSTRIA FARMACEUTICA LTDA;538813080046904;1677300650101;7896004722726;    -     ;    -     ;ACECLO-GRAN;100 MG COM REV CT BL AL AL X 12;M1A1 - ANTIRREUMÁTICOS NÃO ESTEROIDAIS PUROS;Similar;Regulado;38,60;39,07;44,40;43,86;47,07;46,51;47,36;46,79;47,65;47,07;48,23;47,66;48,53;47,95;48,84;48,25;49,14;48,55;49,46;48,86;50,09;49,49;50,41;49,81;50,74;50,13;53,36;53,85;61,20;60,63;64,88;64,30;65,28;64,68;65,68;65,07;66,48;65,89;66,89;66,29;67,32;66,70;67,73;67,12;68,18;67,55;69,04;68,42;69,48;68,86;69,94;69,30;Não;Não;Não;Não;;Positiva;Sim;Tarja Vermelha;
ACEPONATO DE METILPREDNISOLONA;11.424.477/0001-10;LEO PHARMA LTDA;541121020002517;1856900100011;5702191025583;    -     ;    -     ;ADVANTAN;1 MG/G CREM DERM CT BG AL X 15 G;D7A - CORTICOESTERÓIDES TÓPICOS PUROS;Novo;Regulado;49,59;55,54;63,11;56,35;66,92;59,75;67,32;60,11;67,73;60,47;68,57;61,22;68,99;61,60;69,43;61,99;69,86;62,38;70,30;62,77;71,21;63,58;71,66;63,99;72,13;64,40;68,55;74,50;84,66;77,90;89,77;82,60;90,31;83,10;90,86;83,60;91,98;84,63;92,55;85,16;93,14;85,70;93,71;86,24;94,30;86,78;95,53;87,90;96,13;88,46;96,76;89,03;Não;Não;Não;Não;;Negativa;Sim;Tarja Vermelha;
ACEPONATO DE METILPREDNISOLONA;11.424.477/0001-10;LEO PHARMA LTDA;541121020002617;1856900100054;5702191025538;    -     ;    -     ;ADVANTAN;1 MG/ML SOL TOP CT FR PLAS OPC GOT X 20 ML;D7A - CORTICOESTERÓIDES TÓPICOS PUROS;Novo;Regulado;67,92;76,07;86,44;77,18;91,65;81,83;92,21;82,33;92,77;82,83;93,91;83,85;94,50;84,37;95,09;84,90;95,69;85,43;96,29;85,97;97,53;87,08;98,15;87,64;98,79;88,21;93,89;102,05;115,96;106,70;122,95;113,13;123,70;113,82;124,45;114,51;125,98;115,92;126,77;116,64;127,56;117,37;128,36;118,10;129,17;118,85;130,83;120,38;131,66;121,16;132,52;121,95;Não;Não;Não;Não;;Negativa;Sim;Tarja Vermelha;
ACEPONATO DE METILPREDNISOLONA;11.424.477/0001-10;LEO PHARMA LTDA;541121020002717;1856900100070;5702191025590;    -     ;    -     ;ADVANTAN;1 MG/G EMU DERM CT BG AL X 20 G;D7A - CORTICOESTERÓIDES TÓPICOS PUROS;Novo;Regulado;63,53;71,15;80,85;72,19;85,72;76,54;86,24;77,00;86,77;77,47;87,84;78,43;88,39;78,92;88,94;79,41;89,50;79,91;90,06;80,41;91,22;81,44;91,81;81,97;92,40;82,50;87,82;95,45;108,46;99,80;114,99;105,81;115,69;106,45;116,40;107,10;117,83;108,42;118,57;109,10;119,31;109,78;120,06;110,47;120,81;111,16;122,37;112,59;123,16;113,32;123,95;114,05;Não;Não;Não;Não;;Negativa;Sim;Tarja Vermelha;
ACETATO DE ABIRATERONA;61.230.314/0001-75;LIBBS FARMACÊUTICA LTDA;523719020039704;1003302030018;7896094210189;    -     ;    -     ;ZOSTIDE;250 MG COM CT BL AL PLAS PVC/PVDC TRANS X 120;L2B2 - HORMÔNIOS ANTIANDROGÊNICOS CITOSTÁTICOS;Similar;Regulado;10894,90;12202,29;13866,24;12380,58;14701,55;13126,38;14790,65;13205,94;14880,84;13286,46;15064,56;13450,49;15158,12;13534,04;15252,86;13618,62;15348,80;13704,27;15445,94;13791,02;15643,96;13967,81;15744,90;14057,93;15847,13;14149,21;15061,56;16368,94;18601,07;17115,43;19721,61;18146,45;19841,13;18256,44;19962,12;18367,75;20208,57;18594,51;20334,08;18710,02;20461,17;18826,94;20589,87;18945,35;20720,18;19065,28;20985,82;19309,68;21121,22;19434,26;21258,36;19560,45;Não;Sim;Não;Não;;Negativa;Sim;Tarja Vermelha;
ACETATO DE ABIRATERONA;61.190.096/0001-92;EUROFARMA LABORATORIOS S.A.;508018120124204;1004312590022;7891317003814;    -     ;    -     ;MATIZ;250 MG COM CT BL AL PLAS TRANS X 120;L2B2 - HORMÔNIOS ANTIANDROGÊNICOS CITOSTÁTICOS;Similar;Regulado;11149,38;12487,31;14190,13;12669,76;15044,95;13432,99;15136,13;13514,40;15228,42;13596,81;15416,43;13764,66;15512,19;13850,16;15609,14;13936,72;15707,31;14024,37;15806,72;14113,15;16009,37;14294,07;16112,66;14386,29;16217,28;14479,71;15413,37;16751,28;19035,55;17515,20;20182,26;18570,32;20304,58;18682,87;20428,38;18796,79;20680,59;19028,83;20809,05;19147,03;20939,11;19266,70;21070,80;19387,87;21204,15;19510,60;21476,00;19760,71;21614,56;19888,20;21754,90;20017,35;Não;Sim;Não;Não;;Negativa;Sim;Tarja Vermelha;
ACETATO DE ABIRATERONA;61.286.647/0001-16;SANDOZ DO BRASIL INDÚSTRIA FARMACÊUTICA LTDA;511520020070707;1004706190015;7897595633545;    -     ;    -     ;ACETATO DE ABIRATERONA;250 MG COM CT FR PLAS PEAD OPC X 120;L2B2 - HORMÔNIOS ANTIANDROGÊNICOS CITOSTÁTICOS;Genérico;Regulado;7336,32;8216,68;9337,14;8336,73;9899,61;8838,94;9959,61;8892,51;10020,34;8946,73;10144,05;9057,18;10207,06;9113,44;10270,85;9170,40;10335,45;9228,07;10400,86;9286,48;10534,20;9405,53;10602,17;9466,22;10671,01;9527,68;10142,03;11022,38;12525,44;11525,04;13279,97;12219,32;13360,46;12293,37;13441,93;12368,33;13607,88;12521,02;13692,41;12598,80;13777,98;12677,54;13864,64;12757,27;13952,38;12838,01;14131,25;13002,59;14222,43;13086,49;14314,78;13171,46;Não;Sim;Não;Não;;Negativa;Sim;Tarja Vermelha;
ACETATO DE ABIRATERONA;44.734.671/0001-51;CRISTÁLIA PRODUTOS QUÍMICOS FARMACÊUTICOS LTDA.;506723010097304;1029805760011;7896676438888;    -     ;    -     ;ABMETHA;250 MG COM CT FR PLAS PEAD OPC X 120;L2B2 - HORMÔNIOS ANTIANDROGÊNICOS CITOSTÁTICOS;Similar;Regulado;10132,66;11348,58;12896,12;11514,39;13672,98;12208,02;13755,85;12282,01;13839,73;12356,90;14010,59;12509,45;14097,61;12587,15;14185,73;12665,82;14274,95;12745,48;14365,29;12826,15;14549,46;12990,58;14643,33;13074,39;14738,41;13159,29;14007,81;15223,72;17299,69;15917,97;18341,82;16876,87;18452,98;16979,16;18565,51;17082,69;18794,71;17293,58;18911,44;17401,00;19029,65;17509,75;19149,34;17619,88;19270,53;17731,40;19517,58;17958,71;19643,51;18074,58;19771,05;18191,95;Não;Sim;Não;Não;;Negativa;Sim;Tarja Vermelha;
ACETATO DE ABIRATERONA;44.363.661/0001-57;GLENMARK FARMACÊUTICA LTDA;521924100022606;1101303000015;7897473200005;    -     ;    -     ;ACETATO DE ABIRATERONA;500 MG COM REV CT FR PLAS PEAD OPC X 60;L2B2 - HORMÔNIOS ANTIANDROGÊNICOS CITOSTÁTICOS;Genérico;Regulado;7336,24;8216,59;9337,04;8336,64;9899,50;8838,84;9959,50;8892,41;10020,23;8946,63;10143,94;9057,08;10206,94;9113,34;10270,74;9170,30;10335,34;9227,97;10400,75;9286,38;10534,09;9405,43;10602,06;9466,11;10670,89;9527,58;10141,92;11022,26;12525,31;11524,92;13279,83;12219,18;13360,31;12293,24;13441,78;12368,19;13607,73;12520,88;13692,25;12598,66;13777,83;12677,40;13864,49;12757,13;13952,24;12837,88;14131,11;13002,46;14222,29;13086,34;14314,62;13171,32;Não;Sim;Não;Não;;Negativa;Não;Tarja Vermelha;
ACETATO DE ABIRATERONA;44.363.661/0001-57;GLENMARK FARMACÊUTICA LTDA;521924120022704;1101303030011;7897473200326;    -     ;    -     ;SPYLGLEN;500 MG COM REV CT FR PLAS PEAD OPC X 60;L2B2 - HORMÔNIOS ANTIANDROGÊNICOS CITOSTÁTICOS;Similar;Regulado;9969,44;11165,77;12688,38;11328,91;13452,73;12011,36;13534,26;12084,17;13616,79;12157,85;13784,90;12307,94;13870,52;12384,39;13957,21;12461,79;14045,00;12540,16;14133,89;12619,54;14315,09;12781,32;14407,45;12863,78;14501,00;12947,31;13782,16;14978,48;17021,01;15661,55;18046,36;16605,00;18155,73;16705,66;18266,44;16807,51;18491,95;17015,01;18606,81;17120,69;18723,10;17227,69;18840,87;17336,04;18960,11;17445,77;19203,18;17669,43;19327,08;17783,42;19452,58;17898,90;Não;Sim;Não;Não;;Negativa;Não;Tarja Vermelha;
ACETATO DE ABIRATERONA;51.780.468/0001-87;JANSSEN-CILAG FARMACEUTICA LTDA;514512020025102;1123634010019;7896212424351;    -     ;    -     ;ZYTIGA;250 MG COM CT FR PLAS PEAD OPC X 120;L2B2 - HORMÔNIOS ANTIANDROGÊNICOS CITOSTÁTICOS;Novo;Regulado;11451,58;12825,77;14574,74;13013,17;15452,73;13797,08;15546,39;13880,70;15641,18;13965,34;15834,29;14137,74;15932,63;14225,56;16032,21;14314,47;16133,05;14404,49;16235,15;14495,67;16443,29;14681,51;16549,39;14776,22;16656,84;14872,17;15831,14;17205,31;19551,49;17989,94;20729,29;19073,65;20854,93;19189,25;20982,09;19306,26;21241,14;19544,60;21373,06;19666,00;21506,64;19788,92;21641,91;19913,36;21778,88;20039,41;22058,09;20296,33;22200,42;20427,26;22344,56;20559,90;Não;Sim;Não;Não;;Negativa;Sim;Tarja Vermelha;
ACETATO DE ABIRATERONA;51.780.468/0001-87;JANSSEN-CILAG FARMACEUTICA LTDA;514519020035403;1123634200012;7896212452415;    -     ;    -     ;ZYTIGA®;500 MG COM REV CT FR PLAS PEAD OPC X 60;L2B2 - HORMÔNIOS ANTIANDROGÊNICOS CITOSTÁTICOS;Novo;Regulado;11451,58;12825,77;14574,74;13013,17;15452,73;13797,08;15546,39;13880,70;15641,18;13965,34;15834,29;14137,74;15932,63;14225,56;16032,21;14314,47;16133,05;14404,49;16235,15;14495,67;16443,29;14681,51;16549,39;14776,22;16656,84;14872,17;15831,14;17205,31;19551,49;17989,94;20729,29;19073,65;20854,93;19189,25;20982,09;19306,26;21241,14;19544,60;21373,06;19666,00;21506,64;19788,92;21641,91;19913,36;21778,88;20039,41;22058,09;20296,33;22200,42;20427,26;22344,56;20559,90;Não;Sim;Não;Não;;Negativa;Sim;Tarja Vermelha;
ACETATO DE ABIRATERONA;05.035.244/0001-23;SUN FARMACÊUTICA DO BRASIL LTDA;532418120023506;1468200680013;7898272945166;    -     ;    -     ;ACETATO DE ABIRATERONA;250 MG COM CT FR PLAS PEAD OPC X 120;L2B2 - HORMÔNIOS ANTIANDROGÊNICOS CITOSTÁTICOS;Genérico;Regulado;7336,31;8216,67;9337,13;8336,72;9899,60;8838,93;9959,60;8892,50;10020,33;8946,72;10144,04;9057,17;10207,04;9113,43;10270,84;9170,39;10335,44;9228,06;10400,85;9286,47;10534,19;9405,52;10602,16;9466,20;10671,00;9527,67;10142,02;11022,37;12525,43;11525,03;13279,96;12219,30;13360,45;12293,36;13441,92;12368,32;13607,87;12521,01;13692,38;12598,78;13777,97;12677,53;13864,62;12757,25;13952,37;12838,00;14131,24;13002,58;14222,42;13086,47;14314,77;13171,44;Não;Sim;Não;Não;;Negativa;Sim;Tarja Vermelha;
